,CSC3062_108_2,CSC3062_109_4,CSC3062_110_4,CSC3062_112_2,CSC3062_113_2,CSC3062_125_4,CSC3062_127_3,CSC3062_130_4,CSC3062_132_4,CSC3062_134_4,CSC3062_138_2,CSC3062_141_2,CSC3062_142_4,CSC3062_145_3,CSC3062_146_4,CSC3062_147_2,CSC3062_148_3,CSC3062_151_4,CSC3062_152_4,CSC3062_153_3,CSC3062_156_2,CSC3062_165_4,CSC3062_166_4,CSC3062_168_2,CSC3062_169_3,CSC3062_17_3,CSC3062_173_4,CSC3062_176_3,CSC3062_178_4,CSC3062_179_4,CSC3062_181_2,CSC3062_183_4,CSC3062_184_3,CSC3062_186_4,CSC3062_187_4,CSC3062_188_3,CSC3062_190_4,CSC3062_199_4,CSC3062_203_4,CSC3062_250_4,CSC3062_254_2,CSC3062_257_4,CSC3062_260_4,CSC3062_261_2,CSC3062_262_4,CSC3062_266_4,CSC3062_283_4,CSC3062_32_2,CSC3062_324_2,CSC3062_326_3,CSC3062_328_2,CSC3062_329_3,CSC3062_33_2,CSC3062_330_3,CSC3062_331_3,CSC3062_335_3,CSC3062_341_2,CSC3062_344_3,CSC3062_347_2,CSC3062_357_4,CSC3062_361_3,CSC3062_363_2,CSC3062_364_2,CSC3062_365_4,CSC3062_366_4,CSC3062_368_4,CSC3062_371_2,CSC3062_373_4,CSC3062_376_4,CSC3062_378_3,CSC3062_379_2,CSC3062_384_3,CSC3062_403_4,CSC3062_406_2,CSC3062_409_1,CSC3062_410_4,CSC3062_411_3,CSC3062_412_4,CSC3062_413_2,CSC3062_416_4,CSC3062_417_1,CSC3062_420_3,CSC3062_422_3,CSC3062_433_3,CSC3062_436_1,CSC3062_437_2,CSC3062_438_4,CSC3062_440_3,CSC3062_441_3,CSC3062_443_4,CSC3062_445_4,CSC3062_457_4,CSC3062_459_3,CSC3062_460_2,CSC3062_465_2,CSC3062_483_2,CSC3062_484_3,CSC3062_486_2,CSC3062_490_3,CSC3062_491_3,CSC3062_496_2,CSC3062_497_2,CSC3062_498_2,CSC3062_499_3,CSC3062_529_4,CSC3062_534_2,CSC3062_536_3,CSC3062_549_2,CSC3062_553_2,CSC3062_554_2,CSC3062_555_2,CSC3062_569_3,CSC3062_580_2,CSC3062_583_4,CSC3062_594_2,CSC3062_608_2,CSC3062_610_3,CSC3062_612_2,CSC3062_615_3,CSC3062_618_3,CSC3062_621_2,CSC3062_625_2,CSC3062_626_3,CSC3062_631_3,CSC3062_632_4,CSC3062_645_2,CSC3062_648_3,CSC3062_649_1,CSC3062_651_2,CSC3062_658_3,CSC3062_662_2,CSC3062_669_3,CSC3062_670_2,CSC3062_671_4,CSC3062_673_2,CSC3062_674_2,CSC3062_676_2,CSC3062_679_3,CSC3062_684_3,CSC3062_690_2,CSC3062_712_2,CSC3062_713_4,CSC3062_715_4,CSC3062_716_4,CSC3062_718_4,CSC3062_719_2,CSC3062_720_2,CSC3062_724_2,CSC3062_730_2,CSC3062_738_2,CSC3062_756_2,CSC3062_759_2,CSC3062_760_3,CSC3062_769_3,CSC3062_783_3,CSC3062_81_2,PNET30200_3,CSC3062_115_1,CSC3062_116_1,CSC3062_258_1,CSC3062_367_1,CSC3062_382_1,CSC3062_707_1,CSC3062_708_1,CSC3062_732_1,CSC3062_757_1,CSC3062_765_1,CSC3062_781_1,CSC3062_831_1,CSC3062_858_1,CSC3062_870_1,CSC3062_171_3,CSC3062_175_3,CSC3062_2_3,CSC3062_269_3,CSC3062_281_3,CSC3062_318_3,CSC3062_325_3,CSC3062_388_3,CSC3062_399_3,CSC3062_41_3,CSC3062_456_3,CSC3062_476_3,CSC3062_521_3,CSC3062_530_3,CSC3062_533_3,CSC3062_568_3,CSC3062_591_3,CSC3062_600_3,CSC3062_629_3,CSC3062_70_3,CSC3062_111_4,CSC3062_118_4,CSC3062_119_4,CSC3062_136_4,CSC3062_140_4,CSC3062_149_4,CSC3062_167_4,CSC3062_172_4,CSC3062_177_4,CSC3062_180_4,CSC3062_185_4,CSC3062_227_4,CSC3062_123_2,CSC3062_128_2,CSC3062_143_2,CSC3062_272_2,CSC3062_278_2,CSC3062_462_2,CSC3062_485_2,CSC3062_487_2,CSC3062_537_2,CSC3062_59_2,CSC3062_619_2,CSC3062_135_1,CSC3062_359_1,CSC3062_93_1,CSC3062_30009_1,CSC3062_30131_1,CSC3062_50080_1
feature_1,0.290874776,0.89080331,0.81032173,0.094939587,0.150149242,0.89433132,0.27512451,0.827973513,0.83451715,0.825536552,0.17092005,0.262970496,0.924676542,0.106464155,0.88794391,,0.376867423,0.67662989,0.790576708,0.144404742,0.070394179,0.90316645,0.337142769,0.483434715,0.190356033,0.231880932,0.83497458,0.371631,0.627323458,0.78870646,,0.71458601,0.098213745,0.676090462,0.842519851,0.416069633,0.768167407,0.556265246,0.67500724,0.753545193,0.195615504,0.904240206,0.91484132,0.54339982,0.81114773,0.854424643,0.90633445,0.116422542,0.15054622,0.639653902,0.266370345,0.676968285,0.129707226,0.65272366,0.527868258,0.362341754,0.505696694,0.540885227,0.1018153,0.59987778,0.273146035,0.192363293,0.135525145,0.693426366,0.670432985,0.68443383,0.25619717,0.845262495,0.446758232,0.52589429,0.121182486,0.23457385,0.864327176,0.665643595,0.321631359,0.879300372,0.572099855,0.739647825,0.284550549,0.788127012,0.15427803,0.58747259,0.478030519,0.453558223,0.56282925,0.384489356,0.89107426,0.275561877,0.35154777,0.706853924,0.8045761,0.866647319,0.18273511,0.197199532,0.149485578,0.232259363,0.602599487,0.09443394,0.43552041,0.54267405,0.231510422,0.33793044,0.06386222,0.153250616,0.667779108,0.13453893,0.51644427,0.149587435,0.231575827,0.226530781,0.206126047,0.49994004,0.04263151,0.89729315,0.153546007,0.1578752,0.170571197,0.056913667,0.73216162,0.278932279,0.18474938,0.419445993,0.83003272,0.59513487,0.86529632,0.369341396,0.549430432,0.10508179,0.165334476,0.11611725,0.155262465,0.29913408,0.185874607,0.615672772,0.051958249,0.154575363,0.283607239,0.45993573,0.400285414,0.209227417,0.141925245,0.657369768,0.71131751,0.89223008,0.607408921,0.275505667,0.309804597,0.229322084,0.309594708,0.248630392,0.328819352,0.105071976,0.270215105,0.140107005,0.243116142,0.406206227,0.47485784,0.13836014,0.36399268,0.09163604,0.19721627,0.16617589,0.25992003,0.17606253,0.08817895,0.153706412,0.28763213,0.10453487,0.13973901,0.20132048,0.12155356,0.339943976,0.704962959,0.077653407,0.373398564,0.036379738,0.046933681,0.143332786,0.241677451,0.536493743,0.368927487,0.581989616,0.412093073,0.433555665,0.082737645,0.307676483,0.369557905,0.746175898,0.713964115,0.119705841,0.770151418,0.911854454,0.903023424,0.799883287,0.750706793,0.927638183,0.88380517,0.92040528,0.905431087,0.889384689,0.866927102,0.836775658,0.868527708,0.480996737,0.824547448,0.294789696,0.309197223,0.105006524,0.120742656,0.219761654,0.159069702,0.086438394,0.121265168,0.341698038,0.29168267,0.056298179,0.290959583,0.202655532,0.035954932,0.243997565
feature_2,0.810257812,0.08627098,0.2441651,0.821881924,0.709218768,0.103017283,0.909203863,0.145577715,0.20381042,0.242565516,0.67114751,0.90213674,0.095046283,0.908232181,0.054752032,0.782061234,0.777941556,0.09785526,0.072135353,0.866945559,0.833198851,0.13117817,0.080386294,0.333545226,0.632780692,0.652843385,0.099162524,0.60947207,0.16081484,0.04960221,0.92711019,0.13678807,0.939277878,0.300907182,0.080322911,0.741222875,0.048984463,0.058316177,0.122517581,0.166666245,0.390806393,0.083305742,0.06236093,0.88689267,0.92884911,0.06708889,0.09668151,0.366566274,0.131753323,0.89603352,0.569827431,0.910904978,0.211395583,0.93142936,0.84404088,0.949272745,0.742609758,0.941654469,0.89226333,0.049545318,0.706132877,0.337412067,0.655332523,0.313353458,0.107259964,0.1937739,0.35192992,0.181241323,0.432210306,0.709076,0.316330289,0.90232314,0.121669178,0.935898012,0.712048112,0.082545631,0.905619675,0.079792338,0.940425652,0.321207227,0.81830704,0.896533381,0.719646215,0.858110808,0.86997413,0.890901095,0.082547725,0.942764103,0.75582089,0.379733352,0.24848605,0.04338081,0.92260672,0.42063339,0.761927624,0.194893642,0.268538756,0.60053526,0.90799919,0.8617347,0.484772157,0.49947721,0.16604912,0.874555586,0.051584524,0.27462719,0.91931977,0.904006348,0.398989873,0.371293575,0.350381102,0.91629682,0.22497981,0.0911512,0.726170723,0.386555033,0.890575936,0.914853915,0.8927665,0.395920562,0.19084442,0.816374658,0.27385929,0.8840104,0.26741739,0.853931804,0.756491666,0.8244959,0.457894303,0.90436966,0.372807189,0.86375614,0.689523107,0.317568823,0.358831298,0.592552306,0.534468256,0.92678485,0.468567427,0.585611928,0.2752524,0.309859874,0.15582622,0.06392389,0.179227297,0.801877107,0.525598747,0.443612111,0.831691778,0.81957414,0.517152272,0.53452084,0.892952059,0.838925659,0.927192461,0.819096811,0.89443025,0.96985166,0.86805668,0.84958146,0.93792175,0.89338325,0.97783507,0.97083543,0.93358188,0.899287513,0.81753578,0.91803359,0.9113801,0.87104149,0.92825452,0.936391212,0.228622516,0.46987715,0.960423168,0.954323372,0.943195493,0.903064442,,0.710518892,,0.970519762,0.97364333,0.960811555,0.964586656,0.973514737,0.835702007,0.979401567,0.959692222,0.976614054,0.977117285,0.029914478,0.517682613,0.346306064,0.562971325,0.14385389,0.508414832,0.0306739,0.053027713,0.058589565,0.034102413,,0.806432038,,0.114917687,0.947964937,0.277180987,0.970832737,0.737762838,0.858400845,0.737360987,0.353601428,0.63006414,0.949133563,,0.88585426,0.960749846,0.962411444,0.970745603,
feature_3,0.865808069,0.92201287,0.89654937,0.956021386,0.735552896,0.9525625,0.889457035,0.928676048,0.68739547,0.947010103,0.84232439,0.855735293,0.944437731,0.786401273,0.889214431,0.914422623,0.834096757,0.90017269,0.949278918,0.752206109,0.788436812,0.95629449,0.957459466,0.25659841,0.884732901,0.807069724,0.965092074,0.79759722,0.915099683,0.94269792,0.27919091,0.97334164,0.863191893,0.897622616,0.948006926,0.908759346,0.975653279,0.988541363,0.928260662,0.890103807,0.923462242,0.940560017,0.93236942,0.97235208,0.94762892,0.950829457,0.97268798,0.864071964,0.866509996,0.85882712,0.787803569,0.879657563,0.902792655,0.94630149,0.731009407,0.844461304,0.848025595,0.943536327,0.90143936,0.941398107,0.61421686,0.777497336,0.775079001,0.92760531,0.741392038,0.89004437,0.835472374,0.922219068,0.848932651,0.92800749,0.654654235,0.82214053,0.918920698,0.946495077,0.508350324,0.967493942,0.903881888,0.855920399,0.666975527,0.939677748,0.2554597,0.899033347,0.913726018,0.886725922,0.48069545,0.87935615,0.949354366,0.726278747,0.59134983,0.914384499,0.95714399,0.958395737,0.84954262,0.790709252,0.816425783,0.8176884,0.875244966,0.88390069,0.85845002,0.92479575,0.633411818,0.64417964,0.44836021,0.839395424,0.855260799,0.8674068,0.85947429,0.837821067,0.76893729,0.871809653,0.85282819,0.83272916,0.67685428,0.91209831,0.824531721,0.822957391,0.740463611,0.716212719,0.89399366,0.660549524,0.79082346,0.918689643,0.93115073,0.90074994,0.82452345,0.736201084,0.928950011,0.13803695,0.810200532,0.83147063,0.810130922,0.92643517,0.887219325,0.965221652,0.611709646,0.89017643,0.655081752,0.94555653,0.914077121,0.90115464,0.705327564,0.93414101,0.84001132,0.95944128,0.95444094,0.914904967,0.807219667,0.843815308,0.904326383,0.897074575,0.912395816,0.837804695,0.866811167,0.898929358,0.697894266,0.93731479,0.86120928,0.15224069,0.12505813,0.08542851,0.07480463,0.09810478,0.22103606,0.03660962,0.04723863,0.246338749,0.79121547,0.05838363,0.046258,0.24463409,0.10417651,0.906751156,0.877173007,0.491070358,0.872500598,0.65523428,0.813432682,0.901827044,0.158669324,0.775090839,0.889274286,0.918465544,0.881486564,0.913499587,0.725154008,0.917532561,0.915900405,0.716255011,0.750422045,0.896687156,0.914502845,0.907901596,0.895105062,0.858818167,0.904240456,0.932397971,0.909772274,0.91550974,0.92512002,0.930077868,0.917075571,0.897624481,0.941268004,0.849223363,0.175011403,0.907245639,0.495986593,0.895026374,0.91679685,0.708097746,0.474406688,0.69395166,0.826594927,0.830782828,0.079524797,0.118059839,0.154046727,0.626989637,0.143361468,0.476274015
feature_4,0.862365076,0.0655766,0.0814494,0.985600007,0.858727746,0.053551341,,0.116895291,0.22999211,0.049718481,0.94091929,0.96084692,0.048872809,0.0426821,0.08673703,0.911249386,0.140090906,0.04978997,0.037652219,0.088877063,0.942614082,0.05330126,0.118686745,0.58233904,0.019612257,0.099899109,0.06203077,0.01355574,0.058370845,0.02427972,0.96335757,0.02380435,0.648466482,0.0906279,0.034533514,0.064810316,0.042985552,0.025928994,0.032370578,0.14290346,0.923635525,0.006139177,0.06566526,0.97752587,0.03694362,0.041206672,0.02053011,0.93540896,0.870418493,0.095380011,0.886963874,0.114690232,0.68151049,0.09225353,0.155221433,0.069159565,0.620406676,0.09868061,0.96447488,0.027408853,0.269603311,0.875258441,,0.050121077,0.069925557,0.1651725,0.866055993,0.022174111,0.201561247,0.03320332,0.81995844,0.15006957,0.090016265,0.977118558,0.220739004,0.102075201,0.038983111,0.132764492,0.972106649,0.072483976,0.2181751,0.072763296,0.109660764,0.052411958,0.20524603,0.955476184,0.092520621,0.174242313,0.40888873,0.054129044,0.17458694,0.029928432,0.04641453,0.905726723,0.920173226,0.90897324,0.164111893,0.91733756,0.11191154,0.16315084,0.903687002,0.89847657,0.44895945,0.105182623,0.014581068,0.96323869,0.07329484,0.790230199,0.850609868,0.882444774,0.900423858,0.07442722,0.7125694,0.03191425,0.916143461,0.898612171,0.089169174,0.932327212,0.10085758,0.081819082,0.91586033,0.928778796,0.0695057,0.09658374,0.25418973,0.535443935,0.061920561,0.069245,0.787460285,0.11520415,0.886173915,0.19519591,0.89950347,0.263635383,0.942412225,0.897281157,0.887494379,0.01023293,0.036120971,0.913139284,0.899131022,0.029668132,0.15677835,0.04900843,0.080096174,0.899720043,0.779297244,0.94169569,0.948821517,0.879217443,0.901524873,0.938022691,0.105190394,0.054211954,0.11290138,0.941753498,0.09006369,0.02109786,0.118846,0.05437513,0.03438262,0.16938039,,0.0232255,0.04185034,,0.10374458,0.07401638,0.02075901,0.04212759,0.04025948,0.074622537,0.09652461,0.105688007,0.660765355,0.044496074,0.034018369,0.087590778,0.039001567,0.291406869,0.073460801,0.033731649,0.324285377,0.042861816,0.209667658,0.030684946,0.050228761,0.07367459,0.132189771,0.054792593,0.029499504,0.03625922,0.038356342,0.233093071,0.076110925,0.090839801,0.057160176,0.041486768,0.05497979,0.029337744,0.050064213,0.059907253,0.638205668,0.955917721,0.92873552,0.938651458,0.94913138,0.796941129,0.783246035,0.842503225,0.120007179,0.827753418,0.870148179,0.889739702,0.04434276,0.06432032,0.154474891,0.07626289,0.159277164,0.088621644
feature_5,,0.05415225,0.08579509,0.997462814,0.887684164,0.028919888,0.059173152,0.056658601,0.3076646,0.011375909,0.95249441,0.975789046,0.023678587,0.008419063,0.089721537,0.94363978,0.099452515,0.03518962,0.038219451,0.064031674,0.966764998,0.01439381,0.019057459,0.601815814,0.012482904,0.112002292,0.050301824,0.01575918,0.05666493,0.02646103,0.98769488,0.01541151,0.039461718,0.034052614,0.028006761,,0.022059419,0.009364312,0.015114776,0.050364552,0.924197698,0.027785681,0.01198895,0.9215567,0.02707232,0.014791603,0.01303902,0.954808403,0.955166675,0.194376601,0.952164438,0.302028601,0.965378144,0.06695455,0.163483839,0.070675578,0.785711885,0.21266448,0.96721692,0.037144502,0.348698912,0.842074889,0.928490111,0.022465771,0.01776419,0.13152335,0.854455891,0.036556011,0.103141361,0.01992671,0.918974705,0.06195657,0.064388376,0.972684678,0.215829467,0.036064988,0.030485012,0.256485187,0.950054274,0.034763568,0.09999838,0.016168271,0.070256964,0.028380162,0.053297,0.993213006,0.009655149,0.114414304,0.15938931,0.045617593,0.09795836,0.007240377,0.05161065,0.943600557,0.95992435,0.923682975,0.142941788,0.94253123,0.1010996,0.23224152,0.943359125,0.87543838,0.91461501,0.131868472,0.020270554,0.95208319,0.04895106,0.977300137,0.923040466,0.946265891,0.965608577,0.11977554,0.96894958,0.02423552,0.922916697,0.929695978,0.036099877,0.97963825,0.37739194,0.359875986,0.92523944,0.960976144,0.41113672,0.2639848,0.18282394,0.928103796,0.034567485,0.04532859,0.926421812,0.01434459,0.7968215,0.15160211,0.89252657,0.02092383,0.950924043,0.934210219,0.932229904,0.04738778,0.009362237,,0.917148312,0.008140254,0.23556307,0.0281883,0.056428239,0.927537624,0.81469803,0.844742023,0.960849944,0.985008654,0.872232442,0.042731458,0.070044297,0.035252074,0.076038037,0.948800905,0.14760711,0.03690525,0.06232155,0.0336997,0.0136438,0.04540029,0.02833104,0.02848559,0.0208596,0.01966792,0.0829656,0.04135093,0.05069892,0.02243772,0.01014032,0.112660715,0.290755038,0.247446984,0.039129792,0.035131588,0.025243824,0.311094728,0.053939393,0.407415347,0.139473671,0.059655543,0.345831096,0.064272494,0.291247538,0.042030313,0.114440595,0.065329039,0.104401491,0.094829391,0.038295896,0.057635138,0.04276144,0.132560435,0.072111945,0.052964986,0.066816775,0.050342389,0.062553001,0.093462023,0.06178329,0.053069704,0.495628185,0.950397453,0.96077337,0.966334555,0.928229492,0.964811936,0.956877961,0.973098948,0.67550568,0.921498167,0.912418315,0.914931273,0.078799076,0.071865719,0.087538244,0.199900575,0.176991999,0.183851892
feature_6,0.983397001,0.06252419,0.10805568,0.998506562,0.95055801,0.046704008,0.309769218,0.041905677,0.2857966,0.096072952,0.92824978,0.970873644,0.355122652,0.152982638,0.154830122,0.938926311,0.506029942,0.03612115,0.05705183,0.591563635,0.956351829,0.03457113,0.040436122,0.7019401,0.056000059,0.103365804,,0.01638971,0.034686616,0.01310204,0.98715909,0.03154021,0.317932353,0.055998841,0.059553128,0.047390895,0.021642527,0.02443466,0.036105923,0.066953308,0.961061082,0.044618044,0.04399687,0.65406311,0.06107163,0.02812495,0.03930506,0.994125206,0.963245018,0.154660282,0.976938663,0.281427967,0.998653762,0.87511732,0.134637361,0.065242637,0.762885455,0.037114156,0.99263714,0.020470275,0.458133893,0.840298052,0.938950091,0.044714726,0.034100627,0.11368688,0.861372812,0.108181675,0.068887657,0.02538523,0.867866431,0.14374632,0.020082297,0.972865673,0.139452283,0.048316066,0.969024467,0.228838244,0.980411582,0.041291959,0.09594755,0.201210294,0.092671509,0.056116598,0.05911646,0.862967632,0.072931991,0.66830753,0.11770394,0.041881042,0.06716928,0.064249718,0.02552897,0.964744698,0.969241991,0.979680813,0.046034742,0.98109168,0.24690484,0.06988269,0.947535363,0.9381875,0.83751618,0.041380971,0.016901193,,0.6734936,0.988549523,0.953430235,0.959445261,0.967375655,0.44794704,0.98645912,0.03945928,0.960281597,0.975652298,0.209209338,0.989754,0.09614032,0.071903683,0.97844033,0.890839228,0.10374004,0.07473337,0.56195162,0.928336618,0.045558087,0.04497504,0.959755813,0.09236682,0.95470439,0.29722995,0.997794695,0.015720967,0.988919525,0.935044879,0.983664744,,0.038513762,0.961100545,0.923715631,0.032063174,0.11322591,0.1079534,0.05941494,0.888292944,0.85473819,0.870426201,0.99106345,0.947287336,0.929804111,0.802627216,0.094416961,0.053883622,0.047777032,0.933815308,0.11962581,0.0380057,0.07609883,0.05765434,0.05799937,0.04704264,0.059461,0.06521487,0.03126007,0.034731056,0.08709898,0.03000772,0.04104205,0.02199907,0.03833892,0.066427327,0.123474479,0,0.073009025,0.760398131,0.024856939,0.398734391,0.040781432,0.378138019,0.612923255,0.055860382,0.079522014,0.048302239,0.244729137,0.056924399,0.064980619,0.047909453,0.144140212,0.069655006,0.231730508,0.051769501,0.071551348,0.147472748,0.056384853,0.254910988,0.078323754,0.125060492,0.041173286,0.057093869,0.05221325,0.042536007,0.510856707,0.957246439,0.940470808,0.967425016,0.949432401,0.941715313,0.956886565,0.978941334,0.649515349,0.904264524,0.934001502,0.969510839,0.056227942,0.071918283,0.068740178,0.138465661,0.039358439,0.121910828
feature_7,0.85921955,0.32792332,0.10845017,0.914788949,0.86872521,0.236932825,0.081102726,0.420160222,0.24202751,0.234431085,0.91895277,0.852153992,0.103180744,0.074787279,0.106001305,0.867559864,0.120527428,0.20319986,0.080475588,0.137669318,0.877938849,0.2713775,0.142208292,0.434274299,0.044993666,0.117404704,0.371307481,0.15711349,0.250172007,0.11469942,0.89942272,0.12795288,0.262493755,0.156060501,0.114367032,0.097866565,0.137990026,0.094200047,0.063639671,0.195115655,0.870223969,0.138833467,0.22457392,0.94007125,0.10295823,0.138038964,0.17458683,0.926510047,0.778659211,0.153483814,0.768110197,0.15351431,0.954343322,0.18162733,0.111021581,0.078785695,0.577647305,0.069187323,0.87834575,0.102292887,0.190404422,0.858631794,0.845336823,0.119794455,0.15906658,0.21231606,0.883616864,0.069024115,0.204964966,0.08368853,0.670443689,0.20748624,0.163755293,0.922334779,0.803737164,0.246675481,0.079547955,,0.862232686,0.169730241,0.61353158,0.198502963,0.243309959,0.097458056,0.745502,0.897670374,0.194403154,0.40640869,0.41508703,0.110973904,0.4850087,0.077906181,0.08790591,0.89574763,0.85632236,0.873842452,0.185245167,0.86099558,0.10792146,0.19069334,0.872095879,0.82859935,0.813214,0.205717752,0.062432856,0.87476593,0.11001143,0.884689211,0.742680772,0.85637035,0.770342732,0.10063088,0.77035537,0.3263883,0.922811986,0.843629443,0.117246786,0.898798676,,0.08194918,0.83896431,0.77952406,0.09363153,0.14983109,0.17863821,0.835712278,0.093270003,0.64877408,0.802838062,0.2377522,0.724900234,0.0957549,0.779049535,0.200419945,0.88851975,0.855213308,0.893495266,0.08976469,0.138826489,,0.858738189,0.096005495,0.21924511,0.13684942,0.240034883,0.882460158,0.870038927,0.857978729,0.853257137,0.880572408,0.869857957,0.737439675,0.103105344,0.059929223,0.120451736,0.910241958,0.19570098,0.83969446,0.6581002,0.55595978,0.42480206,0.73959498,0.33162211,0.22282215,,0.339579545,0.87430114,0.37186626,0.57371559,0.68740299,0.56779667,0.113536971,0.074729742,0.013868174,0.137839462,0.064292459,0.041566597,0.338875789,0.039386291,0.208359132,0.050085251,0.048533276,0.150448497,0.077363696,0.08752729,0.040281374,0.059882515,0.075807806,0.061062406,0.102788444,0.12743852,0.20931164,0.045272979,0.29374067,0.069872663,0.244330115,0.064570637,0.145222491,0.292257607,0.090580472,0.17214602,0.194885806,0.168297627,0.883662872,0.876704263,0.886592573,0.917482332,0.926737105,0.918175744,0.774636426,0.838702422,0.923523804,0.828972952,0.752381851,0.396548702,0.683677344,0.487988829,0.736287292,0.1961156,0.640016915
feature_8,0.771524676,0.70493114,0.80318701,,0.21748349,0.749603835,0.806856586,0.733636133,,0.859536891,0.15303311,0.238132428,0.855659992,0.763051021,0.77969952,0.069103768,0.773563109,0.79015523,0.803215766,0.762706751,0.138254142,0.82172259,0.846349657,0.551074486,0.727350357,0.758728822,0.826573547,0.82745093,0.77716047,0.76924926,0.1501858,0.84197746,,0.759392131,0.716826125,0.693820087,0.752932166,0.745700429,0.746288805,0.749221882,0.188327731,0.82387958,0.84873154,0.14967167,0.79980285,0.747462899,0.85585813,0.577067619,0.414054748,0.796451463,0.317947621,0.853458211,0.354909568,0.87465305,0.847192732,0.879876293,0.611514604,0.877884367,0.11858232,0.79150312,0.672583981,0.275538615,0.255826905,0.772609554,0.786685186,0.70545336,0.527890211,0.857248893,0.694735447,0.86041211,0.232738472,0.80745331,0.711060327,0.128529736,0.717036248,0.821256564,0.85200798,0.721667389,0.082124931,0.812771307,0.6830552,0.82229557,0.76048161,0.790328901,0.76120458,0.061658052,0.843226615,0.765918524,0.60351118,0.741623302,0.78767334,0.771110652,0.7689597,0.144166595,0.14164212,0.348235135,0.780609205,0.2740756,0.81294887,0.81450804,0.265909575,0.37298497,0.24059167,0.792348913,0.647061939,0.11045667,0.79519382,0.136968671,0.322600195,0.630444622,0.365600931,0.82832727,0.20408437,0.73173426,0.195999164,0.368143643,0.81873203,0.49460384,0.82080735,0.736612821,0.37183915,0.268155472,,0.90019109,0.82275928,0.133530236,0.799103928,0.78048565,0.209736983,0.72269067,0.260525708,0.89415135,0.248854951,0.669166115,0.400838085,0.527453054,0.298186976,0.84968552,,0.214345335,0.230492281,0.815962842,0.67478228,0.84488923,0.832555147,0.284279876,0.374064421,0.200372413,0.167248667,0.059939296,0.333715987,0.050781713,0.719131812,0.846739888,0.780824852,0.156868861,0.83226944,0.88352898,0.7933344,0.81386036,0.78508978,0.81441061,0.90279498,0.89749,0.83377983,0.8261639,0.74383322,0.70538416,0.80247707,0.80424246,0.74446966,0.836290583,0.855738697,0.427573452,0.933621475,0.804307118,0.845199796,0.790253596,0.792320328,0.822624457,0.945382099,0.924350261,0.81962637,0.935763324,0.885980852,0.893009445,0.926951067,0.935188883,0.859445716,0.903278545,0.919197739,0.905477967,0.906236454,0.785540326,0.88226448,0.889058618,0.901389528,0.893037459,0.913826055,0.850734256,0.821373935,0.840290675,0.845544165,0.234706489,0.504371779,0.075496374,0.312732226,0.159159679,0.244665014,0.81918812,0.159169607,0.215155563,0.108605821,0.223357899,,0.849367073,0.902621658,0.877654128,0.917164206,0.907261042
feature_9,0.993792219,0.98066608,,0.998409165,0.966818311,0.990438742,0.989619716,0.991279458,0.98848102,0.97757636,0.97256823,0.964406119,0.970684638,0.981555381,0.988573188,0.999483058,0.985076486,0.96439625,0.981735188,0.98693769,0.998059271,0.97545589,0.97621506,0.999269676,0.97592084,0.999058706,0.976225818,0.98889824,0.985935557,0.98576929,0.98455251,0.97319078,0.912652861,0.966390646,0.989539546,0.997077509,0.998732625,0.999027723,0.993961887,0.979361211,0.990585346,0.979447773,0.97750461,0.98432085,0.96742332,0.976083945,0.98599298,0.980040707,0.988089807,0.96988862,0.99242473,0.975344607,0.999015226,0.97861671,0.991683299,0.973085443,0.971982811,0.957511097,0.97259097,0.990536853,0.985142746,0.976886358,0.983992389,0.981607035,,0.99374316,0.993942299,0.990107587,,0.97380207,0.984786774,,0.990087914,0.991631939,0.633523847,0.982533608,0.984473739,0.984476725,0.974272112,0.994692264,0.64683669,0.988324572,0.958115885,0.985821179,0.58126218,0.98887241,0.992818681,0.970393384,0.99339066,0.979605858,0.98689898,0.968441858,0.98498915,0.98658058,0.986237186,0.969408083,0.97573635,0.97229165,0.98082804,0.98039837,0.96112144,0.97446764,,0.951046153,0.98826924,,0.98352092,0.983801576,0.963253586,,0.947979454,0.96322173,0.99257421,0.99631699,0.992082164,0.968564567,0.971746213,0.954670599,0.95407928,0.960127221,0.92344375,0.958119441,0.94964961,0.95527872,0.95501779,0.98872193,0.973849257,0.24881275,0.942743899,0.98714257,0.947972139,0.95970424,0.96856688,0.996805277,0.978895127,0.969115565,0.960928522,0.97903837,0.983749092,0.983929737,0.985341232,0.987208825,0.99543346,0.97284938,0.988089398,0.990574891,0.975507821,0.982479183,0.993732482,0.990861666,0.983131039,0.970128136,0.991312804,0.976512386,0.970397985,0.994352813,0.94194563,0.81229895,0.35770818,0.32518811,0.29535044,0.14430602,0.17000969,0.11480701,0.29487377,0.130980675,0.34659974,0.15822606,0.25853243,0.32581248,0.34939512,0.968976112,0.974824557,0.659376835,0.967731439,0.951530638,0.963566186,0.980271423,0.966171669,0.961130272,0.970849012,0.973125142,0.981839436,0.976058356,0.853764613,0.968984945,0.980160186,0.985882588,0.966926674,0.977115622,0.95985471,0.95171748,0.968009102,0.965180043,0.95318415,0.966032849,0.941808738,0.955226473,0.967934911,0.972089595,0.951036437,0.944810586,0.975692133,0.968074383,0.961515095,0.962647668,0.963089301,0.966150405,0.97579565,0.98591577,0.954002883,0.948566163,0.964837079,0.960233863,0.083983888,0.223674173,0.266732224,0.676720754,0.039352759,0.526021638
feature_10,0.442210237,0.05116329,0.06296946,0.70187932,0.040175667,0.053461366,0.117850085,0.051542927,0.04986252,0.045808883,0.08239918,0.851738468,0.039685951,0.066586915,0.066809314,0.17539846,0.047267169,0.03082856,0.053983367,0.061235001,0.097530242,0.05019645,0.05044778,0.049455732,0.043794536,0.069575862,0.042100075,,0.050677316,0.03638892,0.08392338,0.05351312,0.052250542,0.062560575,0.028862036,0.05452908,0.049256038,0.042233949,0.050860128,0.047601753,0.040805208,0.038518896,0.08938812,0.1350539,0.03469568,0.044624196,0.04529873,0.045743774,0.024354454,0.110106468,0.04704631,0.086036685,0.05557296,0.30343162,0.032931929,0.042557186,0.039890674,0.080767859,0.08072002,0.047197867,0.061227193,0.049926946,0.047436013,0.043348525,0.1253308,0.0531926,0.056804594,0.042382137,0.061441376,0.07123512,0.067513056,0.10547105,0.034469409,0.043802957,,0.054313214,0.476350108,0.056120699,0.214705123,0.08687748,0.63720458,0.034714039,0.038558631,0.06412776,0.58473327,0.065118837,0.047973555,0.044431611,0.05178241,0.03887071,0.09107934,0.049499673,0.04634924,0.069832816,0.041044432,0.040433853,0.05501891,0.0902192,0.06329177,0.11532403,0.039668612,0.0507537,0.03307911,0.044536048,0.04258418,0.04734451,0.0550327,0.170265207,0.043240354,0.068790713,0.071488425,0.07537253,0.07558379,0.07179175,0.044702602,0.047144388,0.428277805,0.056533313,0.07870501,0.048245828,0.03204649,0.068732916,0.13264031,0.04812796,,0.052763471,0.062031635,0.70142107,0.047863223,0.04460269,0.055063647,0.03465308,0.053062701,0.0516405,0.044028285,0.043021768,0.065146577,0.05890474,0.047135558,0.048867609,0.044765732,0.048130104,0.05406666,0.04827233,0.077961369,0.217860578,0.088457662,0.10531006,0.075870178,0.042135486,0.060597623,0.045031775,0.038862225,0.051833529,0.043317191,0.611188846,0.05428034,0.83357406,0.6710245,0.76266625,0.79615169,0.75356724,0.87057552,0.87734137,0.80101949,0.821807442,0.64937192,0.75886468,0.75669793,0.71314258,0.80985809,0.105124112,0.030489666,0.006205694,0.096422393,0.074672556,0.025386395,0.007622932,0.029737802,0.01550713,0.032723038,0.04823103,0.035091615,0.043679399,0.200259622,0.017711126,0.056948178,0.04117593,0.014515425,0.032325955,0.02349725,0.030770543,0.024021171,0.027063948,0.241314689,0.029237411,0.02668317,0.105663133,0.016994291,0.018593818,0.034712895,0.066907995,0.022968317,0.54820623,0.039553586,0.105358245,0.019579595,0.024844226,0.041703723,0.411231524,0.029961447,0.025414852,0.248211101,0.206877631,0.752808427,0.858048794,0.89891789,0.56940384,0.613007906,0.859173646
feature_11,,0.06391362,0.13571643,0.453133041,0.892199087,0.058884539,0.686559491,0.112967744,0.13221349,0.189032123,0.8904523,,0.049224889,0.527604968,0.086590383,,0.647722748,0.08921248,0.059676887,0.871446926,0.89632369,0.05773482,0.070021972,0.516339549,0.65702981,0.731414723,0.083816915,0.38417361,0.1139978,0.03163397,0.38032547,0.04738305,0.836134825,0.094646851,0.028482719,0.526629078,0.059791732,0.082154303,0.039636862,0.189454731,0.844177634,0.040040698,0.05314713,0.93659716,0.05192969,0.027824277,0.21764417,0.874400323,0.659928088,0.830244387,0.540276415,0.866383686,0.878676054,0.934316,0.219039665,0.653920586,0.11348084,0.691611772,0.92390218,0.36721903,0.735938189,0.818498416,0.309332801,0.117810526,0.169978886,0.16635968,0.839031308,0.042787186,0.304763727,0.39652687,0.830001895,0.87113978,0.09146155,0.96307783,0.780556123,0.068313268,,0.066285151,0.867554078,0.473754887,0.84670847,0.866367236,0.160714587,0.860076513,0.47010509,0.918697181,0.040995127,0.119901367,0.52855998,0.346820186,0.14635059,0.548190155,0.20618406,0.35855188,0.482562477,0.538687819,0.323345507,0.89648796,0.77149959,0.49846822,0.625223902,0.25662228,0.94065991,,0.022251369,0.66617914,0.93286354,0.933129479,0.694234314,0.884077586,0.78289461,0.70694441,0.87556447,0.09498973,0.455917113,0.374666488,0.899745618,0.901562827,0.56823612,0.212890651,0.86435078,0.56554025,0.90617877,0.2875031,0.37966738,0.852237739,0.731175324,0.81168933,0.856350487,0.55876461,0.931352049,0.47668012,0.802937558,0.287822737,0.888614558,0.809020313,0.790781307,0.71889908,0.38453456,0.663462984,0.334124361,0.058206508,0.21870646,0.28622377,0.314552103,0.856296139,0.707124445,0.79388453,0.930854905,0.666215827,0.738553685,0.840545735,0.577088075,0.544175295,0.28547687,0.884808512,0.55496699,0.96050309,0.81831105,0.7586206,0.73462022,0.7334022,0.781026,0.5586737,0.82893049,0.918619086,0.88989572,0.53052326,0.8563047,0.67658118,0.73391999,0.619903141,0.580654304,0.112089576,0.757776338,0.896002139,0.945623399,0.174372527,0.763714513,0.132587244,0.929829579,0.72118069,0.984364035,0.388873897,0.823563446,0.622297228,0.576178961,0.340483502,0.299444192,0.924348958,0.614663646,0.075221832,0.041089257,0.375136152,0.582023831,0.051658031,0.073551544,0.145807949,0.037116319,0.048505924,0.046996025,0.050760824,0.545701551,0.204209354,0.429115707,0.859242183,0.66815082,0.92919968,0.895479603,0.59611136,0.311082115,0.931150371,0.910209704,0.906271382,0.958285408,0.907254294,0.767177979,0.874040296,0.976368066,0.934255653
feature_12,0.993988972,0.99149929,0.98880779,0.997791094,0.98400824,0.988925295,0.992761839,0.990677697,0.99289298,0.980565199,0.99550244,0.986294051,0.981364908,0.99340947,0.989674346,0.949328171,0.985942827,0.98907816,0.991736342,0.970033036,0.997722434,0.98507177,0.988172816,0.998591865,0.998785458,0.993647174,0.990689985,0.99184939,0.99395339,0.98986208,0.98906244,0.99247779,,0.975358118,0.997823217,0.553601786,0.998257433,0.998784328,0.99393836,0.991389816,0.991980639,0.991897972,0.99149959,0.65251625,0.98648765,0.989785592,0.98707877,0.996593598,0.989510766,0.993741655,0.994813533,0.994884759,0.989829385,0.98751594,0.993890712,0.987846613,0.982742671,0.992537597,0.98259766,0.995437966,0.993772748,0.970037358,0.991769432,0.991628686,0.962803285,0.99401195,0.993395678,0.990786528,0.973554549,0.98644999,0.993051545,0.94781808,0.990946216,0.995164365,0.480835493,0.983298853,0.977215284,0.991882043,0.993144965,0.981838136,0.44918823,0.971671425,0.98093375,0.996158682,0.13661539,0.581769132,0.993691571,0.985930141,0.97630509,0.980383014,0.98715402,0.99540163,0.98683428,0.995810829,0.985310427,0.98910262,0.994205751,0.99373359,0.99492307,0.99101526,0.977881238,0.98046983,0.98005283,0.98834908,0.985283096,0.96481827,0.97216863,0.985148024,0.992406991,0.990055315,0.988630627,0.97719427,0.99041443,0.93431207,0.983153778,0.98133721,0.992732275,0.992266183,0.98833523,0.977673548,0.98257108,0.884836349,0.97381349,0.99159874,0.97643432,0.990726202,0.988979698,0.2396869,0.971584516,0.99399601,0.345178488,0.99023698,0.988472299,0.993413116,0.993126331,0.989575428,0.97868939,0.99352612,,0.982882662,0.988627675,0.992594478,0.98613455,0.98731605,0.98594586,0.985940178,0.983694779,0.517445721,0.991099416,0.950538915,0.962960723,0.174676775,0.986725406,0.99225128,0.993569562,0.989388681,0.99297212,0.23547385,0.27489806,0.13207345,0.08345907,0.13136232,0.11168603,0.12686383,,0.069731627,0.23298262,0.18553821,0.06994736,0.10056064,0.08418169,0.970343639,0.965666742,0.54391989,0.96615233,0.961371135,0.955807673,0.982193912,0.98070106,0.964945367,0.941188223,0.970295354,0.939891744,0.971467984,0.965757445,0.970022333,0.983861017,0.981806809,0.977196849,0.977681915,0.96512495,0.960182279,0.961885791,0.960224222,0.959217942,0.968642264,0.976057117,0.966139152,0.970452778,0.972116898,0.972503845,0.970886073,0.971930771,0.977497018,0.963455873,0.975238768,0.965304719,0.978339437,0.977325991,0.969427452,0.715601407,0.96610209,0.956669377,0.978982653,0.110458802,,0.107859584,0.647621253,0.095003277,0.126915109
feature_13,0.085722787,0.05524618,0.0464798,0.105029451,0.061793271,0.036679333,0.934434637,0.069101161,0.21767877,0.057077769,0.13663794,0.044818516,0.033400824,0.937722988,0.029913765,0.075110503,0.346099102,0.06423357,0.043367746,0.910016654,0.074188578,0.04159516,0.125476486,0.333608203,0.617330126,0.876235939,0.077544393,0.94310768,0.128164835,,0.49495335,0.04102773,0.953418006,0.103109161,0.030211061,0.817628496,0.059420655,0.048881771,0.027837704,0.148639157,0.04991671,0.045151563,0.03300756,0.52433851,0.04888615,0.054023723,0.05925345,0.125274508,0.386494322,0.752713551,0.205844894,0.919607466,0.040164928,0.9702102,0.611525859,0.940000516,0.524848907,0.979437952,0.07275016,0.047751438,0.724147618,0.158191639,0.086067076,0.253001073,0.089762217,,0.221744751,0.02859579,0.269020848,0.99117521,0.224596512,0.9883891,0.082113737,0.25344642,0.351023265,0.163120851,0.659234481,,0.081488556,0.384296934,0.64536838,0.957082941,0.674095761,0.921125622,0.5253777,0.08844075,0.044641208,0.837402426,0.71212608,0.049022001,0.48217042,0.043896771,0.07336192,0.096749186,0.082673568,0.16432938,0.620773329,0.19645318,0.91684933,0.75834083,0.148361119,0.31166809,0.48071407,0.740838812,0.009510917,0.91690289,0.87473789,0.58936113,0.269910454,0.718913411,0.127285747,0.84887691,0.05785751,0.19721879,0.126345983,0.1617186,0.940503959,0.07866808,0.96291104,0.926317805,,0.490217903,0.86566194,0.94406066,0.28353784,0.133044818,0.784179148,0.12779383,0.10755941,0.95380656,0.852222798,0.44443397,0.174740952,0.407345426,0.653262329,0.382724036,0.202005888,,0.41535697,0.076168851,0.100151997,0.05860922,0.17057313,0.05031949,0.089884013,0.723359449,0.322947421,0.67750941,0.117651098,0.052335461,0.134104685,0.38656552,0.874250006,0.826290154,0.907770363,0.086900732,0.92146894,0.90391406,0.44262805,0.18130361,0.53354055,0.5581113,,0.22739161,0.06654062,0.092966344,0.92206882,0.11454719,0.43356193,0.45735828,0.28419435,0.935206818,0.896749222,0.19603697,0.972451621,0.96723007,0.949760259,0.635617249,0.965677907,0.142672434,0.616409182,0.97614655,0.987539819,0.682435204,0.959633321,0.871816389,0.671036456,0.961823785,0.959786564,0.968073569,0.836272901,0.03259725,0.019885619,0.283288867,0.045299823,0.037800792,0.036307782,0.032632745,0.094942737,0.066972359,0.043478078,0.248520161,0.598420407,0.12772244,0.096844894,0.726185528,0.220285306,0.029688134,0.519524089,0.496029265,0.315312631,0.117662498,0.063319941,0.116522231,0.035412212,0.594046745,0.541398786,0.635987274,0.531056029,0.063830419
feature_14,0.044409295,0.02614883,0.0281052,0.030050428,0.028856994,0.037977469,0.872106236,0.026116449,0.09474476,0.03148797,0.04949424,,0.02572095,0.050085281,,0.029730057,0.147120023,0.03085559,0.046710833,0.032882435,0.017825113,0.0357101,0.047875529,0.239277272,0.560231412,0.671727883,0.046012111,0.04168226,0.04198996,0.03306825,0.03432899,0.046606,0.059064717,0.066920745,0.019188715,0.034779793,0.025015641,0.040092803,0.02629657,0.041258826,0.031268247,0.02896677,0.0291592,0.0238604,0.68357034,0.025963862,0.03978623,0.030408205,0.071170618,0.881977574,0.044409739,0.907071804,0.140003719,0.92847549,0.93332146,0.948080498,0.331648051,0.951469057,0.029289,0.037209738,0.034957788,0.034925201,0.032864849,0.046756713,0.040527009,0.03617233,0.034904409,0.02944076,0.046368279,0.97463716,0.143616129,0.45993399,0.027831788,0.017295967,0.045025808,0.019727311,0.721587182,0.040130328,0.038294438,0.029130375,0.03505057,0.587870923,0.724144831,0.875831521,0.03708046,0.037808566,0.034560699,0.019003566,0.04294699,0.040263395,0.04289734,0.039043592,0.29692387,0.037985635,0.014536218,0.054030095,0.698127304,0.06092454,0.85446972,0.89510043,0.074704042,0.07887508,0.09589251,0.045514061,0.040392064,0.03303362,0.49371449,0.042354325,0.070389642,0.040848258,0.109684554,0.89256421,0.03853046,0.04889932,0.030859779,0.044040978,0.168112542,0.026198696,0.83656705,0.248782668,0.23289022,0.042403406,0.31430979,0.76700714,0.07541998,0.039291694,0.564439139,0.04239938,0.059821614,0.03793394,0.058392928,0.03720033,0.072828025,0.090192927,0.046690446,0.105813171,0.040532937,0.85776955,0.790031447,0.05053069,0.038272228,0.04354312,0.06403529,0.03998203,0.052351692,0.02944194,0.032549851,0.048325738,0.025427418,0.032495493,0.045663468,0.037978305,0.03799236,0.898168251,0.170377867,0.045740745,0.37293358,0.02332395,0.02855489,0.04488818,0.03709672,0.04360974,0.03477402,0.03942982,,0.046676947,0.04305278,0.0397871,0.02818429,0.04836868,0.03779639,0.892783732,0.885413625,0.113278637,0.962620837,0.032998395,0.931543731,0.093115608,0.93464406,0.026216748,0.889098019,0.941093543,0.971052851,0.328182668,0.027982391,0.582919073,0.466735658,0.981342366,0.89532645,0.958686686,0.938161135,0.036612251,0.021992561,0.021232461,0.033874377,0.032079192,0.041877675,0.038923686,0.025472935,0.020822159,0.043180777,0.039823017,0.025337558,0.034256744,0.03947393,0.031326041,0.023894764,0.031801912,0.023027225,0.031083701,0.048799898,0.049991302,0.05448182,0.13615126,0.025592643,0.059437448,0.047411708,0.066915646,0.028968958,0.06492196
feature_15,0.009247367,0.01671519,0.0206424,0.004755696,0.024785343,0.016187983,0.0131722,0.011121978,0.00782123,0.019781302,0.01005491,0.022443378,0.010548015,0.005194249,0.008142506,0.007235183,0.016309983,0.01377926,0.007209566,0.009198802,0.005236893,0.0151226,0.006506048,0.003742045,0.00280175,0.003831873,0.005748996,0.02264781,0.003496006,0.01361627,0.01465333,0.00361983,0.0122764,0.006804144,0.007229769,0.008519306,0.003946484,0.012203071,0.018817669,0.011319028,0.020285326,0.010746893,0.01181678,0.01828683,0.01614915,0.007863798,0.01454726,0.013726922,0.029652031,0.017758221,0.010229706,0.004774861,0.02709011,0.02730002,0.017372471,0.003275471,0.012082261,0.008285412,0.01146361,0.009724477,0.011725501,0.006799704,0.017382376,0.008040993,0.031634844,0.0144243,0.006523225,0.006376876,0.003364315,0.01655177,,0.01192762,0.01103197,0.003760902,0.564484417,0.008479217,0.006930119,0.007609183,0.003404895,0.007225716,0.74869065,0.008662875,0.012254919,0.008459616,0.67566518,0.006799262,0.013793328,0.006560292,0.01733157,0.016255554,0.02106704,0.007188111,0.00942326,0.012757914,0.006806366,0.02119295,0.015586724,0.01046155,0.01313081,0.01535704,0.014921795,0.02656434,0.03624511,0.007552016,0.008804454,0.02099654,0.01349885,0.018406312,0.030075795,0.028485642,0.007075426,0.01343324,0.04288584,0.01127602,0.018305906,0.005058043,0.007486094,0.012845934,0.01607885,0.021756285,0.0728214,0.007028792,0.01043128,,0.01148676,0.018541025,0.016867433,0.80590167,0.01639067,0.0105059,0.008834863,0.0271455,0.013558456,0.020415117,0.033544065,0.043568564,0.005007919,0.05836832,0.015436587,0.00358572,0.011581247,0.013235736,0.0124552,0.01455836,0.007527195,0.01745645,0.004770913,0.012428682,0.007468515,0.002925191,0.010616858,0.010977365,0.009330873,0.004837725,0.00548932,0.006067162,0.01211839,0.95303726,0.79080366,0.84974433,0.87697286,0.8108122,0.94660944,0.94501445,0.87315896,0.925111283,0.71689498,0.87246679,0.91496254,0.8892781,0.92326592,0.021903229,0.011708329,0.105175031,0.016135263,0.0156466,0.021868047,0.017012558,0.013299754,0.016525524,0.033327582,0.018606577,0.014517461,0.013613908,0.021969206,0.020352262,0.012880043,0.023816088,0.023778833,0.020408496,0.021012914,0.019195652,0.013376911,0.014642943,0.015303321,0.01623259,0.019998196,0.016322713,0.01621205,0.011221923,0.016632077,0.017765119,0.016703469,0.017618197,0.021041689,0.020828366,0.017498384,0.019956483,0.018034622,0.017540127,0.023132733,0.028476403,0.055358432,0.087906921,0.83890826,0.936616607,0.954605506,0.845084536,0.936936209,0.89745904
feature_16,0.728546654,0.08666581,0.05717338,0.871429414,0.740817463,0.062748032,0.082223218,0.102088481,0.1406173,0.064767425,0.81036947,0.872440134,0.137743647,0.049745237,0.12327469,0.83656524,0.152422735,0.15890866,0.568364937,0.110840653,0.865921999,0.0745383,0.328747797,0.181166298,0.08853205,0.111399457,0.564812602,0.07145451,0.11648649,0.0780362,0.66572555,0.06488184,0.169581604,0.105562609,0.04936904,0.091125013,0.064467608,0.083458408,0.068177151,0.146341582,0.788430566,0.076557217,0.05519337,0.84531499,0.10963513,0.049409624,0.11916543,0.780627403,0.775649724,0.105944117,0.799725838,0.151170577,0.814642041,0.08140577,0.118531902,0.103732596,0.672389951,0.17362258,0.88990171,0.08136102,0.172366712,0.644648888,0.724304958,0.067034077,0.092377356,0.16949573,0.778438555,0.065093601,0.210831799,0.08279564,0.697283085,0.10422869,0.089700668,0.89331809,0.461760699,0.079588209,0.143333464,0.110391608,0.789120777,0.088081577,0.64625238,0.087679308,0.362216182,0.084845791,0.32079838,0.714120156,0.08936964,0.191057809,0.3169382,0.106068855,0.11406769,0.072962822,0.0645144,0.719506453,0.741982121,0.736647147,0.154500217,0.82450276,0.13544075,0.12396328,0.756138265,0.75261693,0.79089942,,0.038728601,0.65177693,0.09533657,0.812942912,0.735037545,0.842168988,0.78352836,0.09230971,0.80968814,0.27831884,0.771326246,0.769671365,0.1175897,0.833414016,0.08957673,0.210233444,0.85718063,0.64142626,0.26796321,0.12864283,0.27720144,,0.085437983,0.61392053,0.733383317,0.05953688,0.747407728,0.39963045,0.785636143,0.111500988,0.858481804,0.824389759,0.674337418,0.06576409,0.153329523,0.79444938,0.684794347,0.045687916,0.18821621,0.14948889,0.28389956,0.823925381,0.729931635,0.766349676,0.830082103,0.758788663,0.749315341,0.758145822,0.18277155,0.072030839,0.068138259,0.848486018,0.12756443,0.62824684,0.73134986,0.48231173,0.23865907,0.73769697,0.7137936,0.4418207,0.40365667,0.291991602,0.22479299,0.60196242,0.45886198,0.11256673,0.69501576,0.226978287,0.14836183,0.239186236,0.055637132,0.050652199,0.03670012,0.093357313,0.034830024,0.402382257,0.149641138,0.050383316,0.10238541,0.053632575,0.382113102,0.044463193,0.08159901,0.092613397,0.166303192,0.081457505,0.043052379,0.048133333,0.050001317,0.26346264,0.557689756,0.058985847,0.052277561,0.110214435,0.183533063,0.110523702,0.066241375,0.040035767,0.417945753,0.79252783,0.461196844,0.896918073,0.742508415,0.937504052,0.905618434,0.882357066,0.679472701,0.808803185,0.937316564,0.7756189,0.342061588,0.751912378,0.542649149,0.495015088,0.349951478,0.613005993
feature_17,0.009349993,0.00775338,0.0254058,0.011523751,0.009470701,0.009221186,0.006522704,0.007768349,0.0244767,0.006747257,0.00642449,0.005185723,0.006635259,0.00685148,0.007593815,0.003816732,0.006208062,0.01029323,0.00555734,0.010484978,0.006740909,0.01092273,0.010231365,0.004980023,0.003694702,0.010249866,0.006145602,0.02962999,0.011016156,0.0123821,0.01096164,0.01003664,0.005293584,0.007182845,0.004349609,0.005647628,0.005525073,0.008263831,0.006347537,0.008005931,0.007191994,0.01090453,0.01135984,0.03154134,0.0128389,0.011030966,0.01219291,0.009164815,0.003334658,0.005350743,0.004269264,0.014546836,0.005870673,0.16424272,0.004547077,0.006835532,0.002774733,0.01177076,0.01183011,0.006691642,0.008363385,0.007189038,0.009135296,0.007969655,0.008633053,0.02611339,0.007679583,0.015741339,0.007679356,0.00994375,0.008164451,0.02395564,0.007389132,0.005506364,0.008542251,0.026360169,0.011157389,0.015761051,,0.015508812,0.48739033,0.009087702,0.005860237,0.00452025,0.29646967,0.009513028,0.007894897,0.007805374,0.01123643,0.006251269,0.09852271,0.007838664,0.01111132,0.007258834,0.006460297,0.004131591,0.004911609,0.00400424,0.00862931,0.03167634,0.003910434,0.00720148,0.0124383,0.008960465,0.010364324,0.00642914,0.01003601,0.006024036,0.006373447,0.005443789,0.005632809,0.07193224,0.02137084,0.02146796,0.004173723,0.005382133,0.008524887,0.007047417,0.03343245,0.005014592,0.01122212,0.005758931,0.01047441,0.0101228,0.01038076,0.006865171,0.007944582,0.75315294,0.006581199,0.01152963,0.009086005,0.01131638,0.002827857,0.007415478,0.006474184,0.002570535,0.006989826,0.03535486,0.004107806,0.004304916,0.008989475,,0.0186083,0.02260694,0.012843266,0.003679229,0.009006271,0.008689006,0.009744606,0.006548048,0.005708758,0.006708633,0.012237323,0.006965647,0.007334343,0.01151705,0.0518148,0.46789721,0.69317544,0.01079929,0.44149422,0.5708805,0.02744763,0.69210004,0.84055427,0.004880297,0.49668295,0.10925874,0.28921466,0.48249394,0.40849076,0.013645653,0.009836967,0.002446659,0.015036846,0.012162627,0.008813204,0.006718239,0.012273032,0.011853302,0.020812556,0.011020273,0.012138953,0.010941014,0.014352675,0.011452371,0.010168513,0.010266754,0.009443204,0.011700105,0.011604634,0.011863681,0.010471208,0.01020192,0.013161651,0.013215847,0.014426474,0.013818462,0.012150459,0.009133977,0.012959403,0.043832182,0.010042209,0.011007144,0.014152307,0.011244048,0.011361877,0.011278837,0.010130888,0.008057834,0.015419703,0.010699885,0.021177713,0.022462616,0.014781453,0.024637111,0.607664212,0.344583993,0.509395394,0.423704991
